LB,AC,FM,UC,DL,DS,DP,ASTV,MSTV,ALTV,MLTV,Width,Min,Max,Nmax,Nzeros,Mode,Mean,Median,Variance,Tendency,NSP
134,0.001402525,0,0.012622721,0.008415147,0,0.002805049,29,6.3,0,0,150,50,200,6,3,71,107,106,215,0,3
122,0,0,0,0,0,0,83,0.5,6,15.6,68,62,130,0,0,122,122,123,3,1,3
122,0,0,0.001517451,0,0,0,84,0.5,5,13.6,68,62,130,0,0,122,122,123,3,1,3
122,0,0,0.002967359,0,0,0,86,0.3,6,10.6,68,62,130,1,0,122,122,123,1,1,3
151,0,0,0.000834028,0.000834028,0,0,64,1.9,9,27.6,130,56,186,2,0,150,148,151,9,1,2
131,0.009077156,0.222390318,0.006051437,0.001512859,0,0,28,1.5,0,5.4,87,71,158,2,0,141,137,141,10,1,1
